raw_text,aspectTerms,terms,polarity,len_label
"The spicy tuna roll was unusually good and the rock shrimp tempura was awesome, great appetizer to share!","[{'term': 'spicy tuna roll', 'polarity': 'positive'}, {'term': 'rock shrimp tempura', 'polarity': 'positive'}]","['spicy tuna roll', 'rock shrimp tempura']","['positive', 'positive']",2
"The lamb was tender so full of flavor, the dessert was divine!!","[{'term': 'lamb', 'polarity': 'positive'}, {'term': 'dessert', 'polarity': 'positive'}]","['lamb', 'dessert']","['positive', 'positive']",2
"Cute place, nice wait staff but would never go there again.","[{'term': 'wait staff', 'polarity': 'positive'}, {'term': 'place', 'polarity': 'positive'}]","['wait staff', 'place']","['positive', 'positive']",2
The waitress was very patient with us and the food is phenomenal!,"[{'term': 'waitress', 'polarity': 'positive'}, {'term': 'food', 'polarity': 'positive'}]","['waitress', 'food']","['positive', 'positive']",2
"The food was good, the place was clean and affordable.","[{'term': 'food', 'polarity': 'positive'}, {'term': 'place', 'polarity': 'positive'}]","['food', 'place']","['positive', 'positive']",2
"If you’re planning to come here, make sure that your date is someone whom you really like since you’ll be ushered to private booths where there will be no people or food watching (choose the ones on the ground level that have glass ceilings so you may see the stars in the sky!).","[{'term': 'private booths', 'polarity': 'positive'}, {'term': 'glass ceilings', 'polarity': 'positive'}]","['private booths', 'glass ceilings']","['positive', 'positive']",2
"also it's great to have dinner in a very romantic and confortable place, the service it's just perfect...they're so frendly that we never want to live the place!","[{'term': 'place', 'polarity': 'positive'}, {'term': 'service', 'polarity': 'positive'}]","['place', 'service']","['positive', 'positive']",2
Just go to Yamato and order the Red Dragon Roll.,"[{'term': 'Yamato', 'polarity': 'positive'}, {'term': 'Red Dragon Roll', 'polarity': 'positive'}]","['Yamato', 'Red Dragon Roll']","['positive', 'positive']",2
amazing fresh dogs but best of all endless toppings!!!,"[{'term': 'dogs', 'polarity': 'positive'}, {'term': 'toppings', 'polarity': 'positive'}]","['dogs', 'toppings']","['positive', 'positive']",2
this little place has a cute interior decor and affordable city prices.,"[{'term': 'interior decor', 'polarity': 'positive'}, {'term': 'place', 'polarity': 'positive'}]","['interior decor', 'place']","['positive', 'positive']",2
When we inquired about ports - the waitress listed off several but did not know taste variations or cost.,"[{'term': 'waitress', 'polarity': 'negative'}]",['waitress'],['negative'],1
Zero ambiance to boot.,"[{'term': 'ambiance', 'polarity': 'negative'}]",['ambiance'],['negative'],1
Delivery guy sometimes get upset if you don't tip more than 10%.,"[{'term': 'Delivery guy', 'polarity': 'negative'}]",['Delivery guy'],['negative'],1
"A gentleman, maybe the manager, came to our table, and without so much as a smile or greeting asked for our order.","[{'term': 'gentleman', 'polarity': 'negative'}]",['gentleman'],['negative'],1
"I have worked in restaurants and cook a lot, and there is no way a maggot should be able to get into well prepared food.","[{'term': 'food', 'polarity': 'negative'}]",['food'],['negative'],1
"If you don't mind pre-sliced low quality fish, unfriendly staff and a sushi chef that looks like he is miserable then this is your place.","[{'term': 'fish', 'polarity': 'negative'}, {'term': 'staff', 'polarity': 'negative'}, {'term': 'sushi chef', 'polarity': 'negative'}]","['fish', 'staff', 'sushi chef']","['negative', 'negative', 'negative']",3
"It's boring on the inside, and our sushi was pretty below average... the tuna was soggy and the other rolls had no flavor.","[{'term': 'sushi', 'polarity': 'negative'}, {'term': 'tuna', 'polarity': 'negative'}, {'term': 'rolls', 'polarity': 'negative'}]","['sushi', 'tuna', 'rolls']","['negative', 'negative', 'negative']",3
"A few tips: skip the turnip cake, roast pork buns and egg custards.","[{'term': 'turnip cake', 'polarity': 'negative'}, {'term': 'roast pork buns', 'polarity': 'negative'}, {'term': 'egg custards', 'polarity': 'negative'}]","['turnip cake', 'roast pork buns', 'egg custards']","['negative', 'negative', 'negative']",3
"Calling the place Hampton Chutney Co. does warn you that these folks offer more style than substance, but in this unattractive room with unhelpful clerks there was a dearth of the former too.","[{'term': 'place', 'polarity': 'negative'}, {'term': 'room', 'polarity': 'negative'}, {'term': 'clerks', 'polarity': 'negative'}]","['place', 'room', 'clerks']","['negative', 'negative', 'negative']",3
"They are extremely rude, not even apologizing for the horrible service we got and handing us a bill well over $500 for some drinks adn their pita bread!","[{'term': 'service', 'polarity': 'negative'}, {'term': 'drinks', 'polarity': 'negative'}, {'term': 'pita bread', 'polarity': 'negative'}]","['service', 'drinks', 'pita bread']","['negative', 'negative', 'negative']",3
This place is always packed.,"[{'term': 'place', 'polarity': 'neutral'}]",['place'],['neutral'],1
The food was ok and fair nothing to go crazy.,"[{'term': 'food', 'polarity': 'neutral'}]",['food'],['neutral'],1
I have never before eaten 40 pieces of relatively good nigiri.,"[{'term': 'nigiri', 'polarity': 'neutral'}]",['nigiri'],['neutral'],1
Kind of a small place but I guess if they are not too busy might be able to fit a group or kids.,"[{'term': 'place', 'polarity': 'neutral'}]",['place'],['neutral'],1
"To sum it up: Service varies from good to mediorce, depending on which waiter you get; generally it is just average Ok. ","[{'term': 'Service', 'polarity': 'neutral'}]",['Service'],['neutral'],1
"Not only is it an adventure getting to this somewhat hidden spot, once you enter the unmarked wooden doors, the zen and intimate décor will make you feel like you’re no longer in the city.","[{'term': 'spot', 'polarity': 'neutral'}, {'term': 'unmarked wooden doors', 'polarity': 'positive'}, {'term': 'décor', 'polarity': 'positive'}]","['spot', 'unmarked wooden doors', 'décor']","['neutral', 'positive', 'positive']",3
"Downtown Dinner 2002 - Prixe fix: Appetizers were ok, waiter gave me poor suggestion..try the potato stuff kanish best one.","[{'term': 'Appetizers', 'polarity': 'neutral'}, {'term': 'waiter', 'polarity': 'negative'}, {'term': 'potato stuff kanish', 'polarity': 'positive'}]","['Appetizers', 'waiter', 'potato stuff kanish']","['neutral', 'negative', 'positive']",3
"The tables are crammed way too close, the menu is typical of any Italian restaurant, and the wine list is simply overpriced.","[{'term': 'tables', 'polarity': 'negative'}, {'term': 'menu', 'polarity': 'neutral'}, {'term': 'wine list', 'polarity': 'negative'}]","['tables', 'menu', 'wine list']","['negative', 'neutral', 'negative']",3
The location and ambience is Ok but the food is what makes up for it.,"[{'term': 'location', 'polarity': 'neutral'}, {'term': 'ambience', 'polarity': 'neutral'}, {'term': 'food', 'polarity': 'positive'}]","['location', 'ambience', 'food']","['neutral', 'neutral', 'positive']",3
"However, if you want great food at a great price and don't mind the decor, you can't beat this place.","[{'term': 'food', 'polarity': 'positive'}, {'term': 'decor', 'polarity': 'neutral'}, {'term': 'food', 'polarity': 'positive'}]","['food', 'decor', 'food']","['positive', 'neutral', 'positive']",3
